{
  "best_value": 7.2341878117398375,
  "best_params": {
    "lr": 0.00023688639503640813,
    "gamma": 0.9806357182178841,
    "batch_size": 32,
    "buffer_cap": 30000,
    "eps_decay": 125000,
    "target_upd": 150,
    "hidden": 256,
    "n_layers": 1,
    "double_dqn": false
  }
}